index,data,estacao_ano,valor,valor_bimestre,valor_semestre,janela_bimestre
1,1981_1,1,6336.11,6336.11,6336.11,6336.11
2,1981_2,1,6563.57,12899.68,12899.68,12899.68
3,1981_3,1,6421.42,6421.42,19321.1,12984.99
4,1981_4,2,6421.42,12842.84,25742.519999999997,12842.84
5,1981_5,2,6411.71,6411.71,32154.229999999996,12833.130000000001
6,1981_6,2,6207.21,12618.92,38361.439999999995,12618.92
7,1981_7,3,6533.26,6533.26,6533.26,12740.470000000001
8,1981_8,3,7455.29,13988.55,13988.55,13988.55
9,1981_9,3,7601.47,7601.47,21590.02,15056.76
10,1981_10,4,7814.22,15415.69,29404.24,15415.69
11,1981_11,4,8670.28,8670.28,38074.520000000004,16484.5
12,1981_12,4,10055.01,18725.29,48129.530000000006,18725.29
13,1982_1,1,10751.46,10751.46,10751.46,20806.47
14,1982_2,1,11521.11,22272.57,22272.57,22272.57
15,1982_3,1,12409.68,12409.68,34682.25,23930.79
16,1982_4,2,13397.29,25806.97,48079.54,25806.97
17,1982_5,2,13922.95,13922.95,62002.490000000005,27320.24
18,1982_6,2,16164.71,30087.66,78167.20000000001,30087.66
19,1982_7,3,15423.39,15423.39,15423.39,31588.1
20,1982_8,3,16280.62,31704.010000000002,31704.010000000002,31704.010000000002
21,1982_9,3,16946.96,16946.96,48650.97,33227.58
22,1982_10,4,18228.16,35175.119999999995,66879.13,35175.119999999995
23,1982_11,4,20552.48,20552.48,87431.61,38780.64
24,1982_12,4,24461.28,45013.759999999995,111892.89,45013.759999999995
25,1983_1,1,24664.3,24664.3,24664.3,49125.58
26,1983_2,1,35984.96,60649.259999999995,60649.259999999995,60649.259999999995
27,1983_3,1,29887.05,29887.05,90536.31,65872.01
28,1983_4,2,29622.46,59509.509999999995,120158.76999999999,59509.509999999995
29,1983_5,2,29531.22,29531.22,149689.99,59153.68
30,1983_6,2,29006.59,58537.81,178696.58,58537.81
31,1983_7,3,29595.9,29595.9,29595.9,58602.490000000005
32,1983_8,3,33679.96,63275.86,63275.86,63275.86
33,1983_9,3,37445.32,37445.32,100721.18,71125.28
34,1983_10,4,43001.66,80446.98000000001,143722.84,80446.98000000001
35,1983_11,4,45297.57,45297.57,189020.41,88299.23000000001
36,1983_12,4,54951.5,100249.07,243971.91,100249.07
37,1984_1,1,66626.31,66626.31,66626.31,121577.81
38,1984_2,1,73169.7,139796.01,139796.01,139796.01
39,1984_3,1,84519.93,84519.93,224315.94,157689.63
40,1984_4,2,85939.43,170459.36,310255.37,170459.36
41,1984_5,2,94542.67,94542.67,404798.04,180482.09999999998
42,1984_6,2,121940.52,216483.19,526738.5599999999,216483.19
43,1984_7,3,145551.52,145551.52,145551.52,267492.04
44,1984_8,3,147170.12,292721.64,292721.64,292721.64
45,1984_9,3,170772.83,170772.83,463494.47,317942.94999999995
46,1984_10,4,193501.0,364273.82999999996,656995.47,364273.82999999996
47,1984_11,4,219316.0,219316.0,876311.47,412817.0
48,1984_12,4,258899.0,478215.0,1135210.47,478215.0
49,1985_1,1,388133.0,388133.0,388133.0,647032.0
50,1985_2,1,444484.0,832617.0,832617.0,832617.0
51,1985_3,1,501629.0,501629.0,1334246.0,946113.0
52,1985_4,2,539721.0,1041350.0,1873967.0,1041350.0
53,1985_5,2,528152.0,528152.0,2402119.0,1067873.0
54,1985_6,2,512101.0,1040253.0,2914220.0,1040253.0
55,1985_7,3,504678.0,504678.0,504678.0,1016779.0
56,1985_8,3,522889.0,1027567.0,1027567.0,1027567.0
57,1985_9,3,557932.0,557932.0,1585499.0,1080821.0
58,1985_10,4,874916.0,1432848.0,2460415.0,1432848.0
59,1985_11,4,1282990.0,1282990.0,3743405.0,2157906.0
60,1985_12,4,2449053.0,3732043.0,6192458.0,3732043.0
61,1986_1,1,3491768.0,3491768.0,3491768.0,5940821.0
62,1986_2,1,3498152.0,6989920.0,6989920.0,6989920.0
63,1986_3,1,3464.15,3464.15,6993384.15,3501616.15
64,1986_4,2,2965.38,6429.530000000001,6996349.53,6429.530000000001
65,1986_5,2,2953.35,2953.35,6999302.88,5918.73
66,1986_6,2,2734.7,5688.049999999999,7002037.58,5688.049999999999
67,1986_7,3,2844.75,2844.75,2844.75,5579.45
68,1986_8,3,2991.12,5835.87,5835.87,5835.87
69,1986_9,3,3034.67,3034.67,8870.54,6025.79
70,1986_10,4,2721.27,5755.9400000000005,11591.810000000001,5755.9400000000005
71,1986_11,4,2723.48,2723.48,14315.29,5444.75
72,1986_12,4,2140.34,4863.82,16455.63,4863.82
73,1987_1,1,1898.09,1898.09,1898.09,4038.4300000000003
74,1987_2,1,1839.29,3737.38,3737.38,3737.38
75,1987_3,1,1812.81,1812.81,5550.1900000000005,3652.1
76,1987_4,2,1925.28,3738.09,7475.47,3738.09
77,1987_5,2,2599.25,2599.25,10074.720000000001,4524.53
78,1987_6,2,2450.64,5049.889999999999,12525.36,5049.889999999999
79,1987_7,3,2254.18,2254.18,2254.18,4704.82
80,1987_8,3,2217.49,4471.67,4471.67,4471.67
81,1987_9,3,2294.09,2294.09,6765.76,4511.58
82,1987_10,4,2749.25,5043.34,9515.01,5043.34
83,1987_11,4,2945.86,2945.86,12460.87,5695.110000000001
84,1987_12,4,3067.6,6013.46,15528.470000000001,6013.46
85,1988_1,1,3999.32,3999.32,3999.32,7066.92
86,1988_2,1,5619.86,9619.18,9619.18,9619.18
87,1988_3,1,6878.7,6878.7,16497.88,12498.56
88,1988_4,2,7835.88,14714.58,24333.760000000002,14714.58
89,1988_5,2,8662.83,8662.83,32996.590000000004,16498.71
90,1988_6,2,12520.65,21183.48,45517.240000000005,21183.48
91,1988_7,3,14784.6,14784.6,14784.6,27305.25
92,1988_8,3,15723.48,30508.08,30508.08,30508.08
93,1988_9,3,22558.67,22558.67,53066.75,38282.149999999994
94,1988_10,4,28117.1,50675.77,81183.85,50675.77
95,1988_11,4,38690.88,38690.88,119874.73000000001,66807.98
96,1988_12,4,67768.1,106458.98000000001,187642.83000000002,106458.98000000001
97,1989_1,1,109.28,109.28,109.28,67877.38
98,1989_2,1,93.55,202.82999999999998,202.82999999999998,202.82999999999998
99,1989_3,1,102.98,102.98,305.81,196.53
100,1989_4,2,128.18,231.16000000000003,433.99,231.16000000000003
101,1989_5,2,160.91,160.91,594.9,289.09000000000003
102,1989_6,2,157.48,318.39,752.38,318.39
103,1989_7,3,150.57,150.57,150.57,308.04999999999995
104,1989_8,3,147.41,297.98,297.98,297.98
105,1989_9,3,198.66,198.66,496.64,346.07
106,1989_10,4,244.63,443.28999999999996,741.27,443.28999999999996
107,1989_11,4,412.2,412.2,1153.47,656.8299999999999
108,1989_12,4,598.37,1010.5699999999999,1751.8400000000001,1010.5699999999999
109,1990_1,1,1197.83,1197.83,1197.83,1796.1999999999998
110,1990_2,1,2229.4,3427.23,3427.23,3427.23
111,1990_3,1,4657.87,4657.87,8085.1,6887.27
112,1990_4,2,4569.06,9226.93,12654.16,9226.93
113,1990_5,2,4741.11,4741.11,17395.27,9310.17
114,1990_6,2,4606.12,9347.23,22001.39,9347.23
115,1990_7,3,4604.83,4604.83,4604.83,9210.95
116,1990_8,3,6110.39,10715.220000000001,10715.220000000001,10715.220000000001
117,1990_9,3,6409.4,6409.4,17124.620000000003,12519.79
118,1990_10,4,6581.29,12990.689999999999,23705.910000000003,12990.689999999999
119,1990_11,4,7043.68,7043.68,30749.590000000004,13624.970000000001
120,1990_12,4,9658.44,16702.120000000003,40408.030000000006,16702.120000000003
121,1991_1,1,11882.35,11882.35,11882.35,21540.79
122,1991_2,1,15940.37,27822.72,27822.72,27822.72
123,1991_3,1,17489.74,17489.74,45312.46000000001,33430.11
124,1991_4,2,18693.57,36183.31,64006.030000000006,36183.31
125,1991_5,2,18010.39,18010.39,82016.42000000001,36703.96
126,1991_6,2,18675.08,36685.47,100691.50000000001,36685.47
127,1991_7,3,19333.11,19333.11,19333.11,38008.19
128,1991_8,3,20145.01,39478.119999999995,39478.119999999995,39478.119999999995
129,1991_9,3,26744.61,26744.61,66222.73,46889.619999999995
130,1991_10,4,33903.0,60647.61,100125.73,60647.61
131,1991_11,4,40528.0,40528.0,140653.72999999998,74431.0
132,1991_12,4,44367.0,84895.0,185020.72999999998,84895.0
133,1992_1,1,64935.0,64935.0,64935.0,109302.0
134,1992_2,1,76055.0,140990.0,140990.0,140990.0
135,1992_3,1,98784.1,98784.1,239774.1,174839.1
136,1992_4,2,108265.68,207049.78,348039.78,207049.78
137,1992_5,2,114791.66,114791.66,462831.44000000006,223057.34
138,1992_6,2,136521.87,251313.53,599353.31,251313.53
139,1992_7,3,176592.33,176592.33,176592.33,313114.19999999995
140,1992_8,3,189123.22,365715.55,365715.55,365715.55
141,1992_9,3,259860.55,259860.55,625576.1,448983.77
142,1992_10,4,423983.74,683844.29,1049559.8399999999,683844.29
143,1992_11,4,550391.62,550391.62,1599951.46,974375.36
144,1992_12,4,867005.83,1417397.45,2466957.29,1417397.45
145,1993_1,1,970870.24,970870.24,970870.24,1837876.0699999998
146,1993_2,1,1147732.0,2118602.24,2118602.24,2118602.24
147,1993_3,1,1505594.88,1505594.88,3624197.12,2653326.88
148,1993_4,2,1541264.0,3046858.88,5165461.12,3046858.88
149,1993_5,2,2142885.0,2142885.0,7308346.12,3684149.0
150,1993_6,2,2792860.0,4935745.0,10101206.120000001,4935745.0
151,1993_7,3,4056066.0,4056066.0,4056066.0,6848926.0
152,1993_8,3,6077.0,4062143.0,4062143.0,4062143.0
153,1993_9,3,8075.0,8075.0,4070218.0,14152.0
154,1993_10,4,11198.0,19273.0,4081416.0,19273.0
155,1993_11,4,15138.0,15138.0,4096554.0,26336.0
156,1993_12,4,20790.0,35928.0,4117344.0,35928.0
157,1994_1,1,28732.0,28732.0,28732.0,49522.0
158,1994_2,1,42928.0,71660.0,71660.0,71660.0
159,1994_3,1,62876.0,62876.0,134536.0,105804.0
160,1994_4,2,105521.0,168397.0,240057.0,168397.0
161,1994_5,2,182842.53,182842.53,422899.53,288363.53
162,1994_6,2,302016.37,484858.9,724915.9,484858.9
163,1994_7,3,195.14,195.14,195.14,302211.51
164,1994_8,3,171.03,366.16999999999996,366.16999999999996,366.16999999999996
165,1994_9,3,180.19,180.19,546.3599999999999,351.22
166,1994_10,4,157.68,337.87,704.04,337.87
167,1994_11,4,141.68,141.68,845.72,299.36
168,1994_12,4,130.25,271.93,975.97,271.93
169,1995_1,1,140.66,140.66,140.66,270.90999999999997
170,1995_2,1,135.89,276.54999999999995,276.54999999999995,276.54999999999995
171,1995_3,1,151.06,151.06,427.60999999999996,286.95
172,1995_4,2,145.98,297.03999999999996,573.5899999999999,297.03999999999996
173,1995_5,2,143.58,143.58,717.17,289.56
174,1995_6,2,133.01,276.59000000000003,850.18,276.59000000000003
175,1995_7,3,128.5,128.5,128.5,261.51
176,1995_8,3,135.28,263.78,263.78,263.78
177,1995_9,3,124.89,124.89,388.66999999999996,260.17
178,1995_10,4,121.84,246.73000000000002,510.51,246.73000000000002
179,1995_11,4,122.34,122.34,632.85,244.18
180,1995_12,4,112.82,235.16,745.6700000000001,235.16
181,1996_1,1,133.13,133.13,133.13,245.95
182,1996_2,1,149.81,282.94,282.94,282.94
183,1996_3,1,144.59,144.59,427.53,294.4
184,1996_4,2,133.9,278.49,561.43,278.49
185,1996_5,2,141.97,141.97,703.4,275.87
186,1996_6,2,121.95,263.92,825.35,263.92
187,1996_7,3,101.63,101.63,101.63,223.57999999999998
188,1996_8,3,106.58,208.20999999999998,208.20999999999998,208.20999999999998
189,1996_9,3,112.72,112.72,320.92999999999995,219.3
190,1996_10,4,111.9,224.62,432.8299999999999,224.62
191,1996_11,4,112.38,112.38,545.2099999999999,224.28
192,1996_12,4,117.35,229.73,662.56,229.73
193,1997_1,1,154.38,154.38,154.38,271.73
194,1997_2,1,188.83,343.21000000000004,343.21000000000004,343.21000000000004
195,1997_3,1,197.54,197.54,540.75,386.37
196,1997_4,2,212.58,410.12,753.33,410.12
197,1997_5,2,221.56,221.56,974.8900000000001,434.14
198,1997_6,2,209.94,431.5,1184.8300000000002,431.5
199,1997_7,3,179.74,179.74,179.74,389.68
200,1997_8,3,195.56,375.3,375.3,375.3
201,1997_9,3,205.5,205.5,580.8,401.06
202,1997_10,4,192.15,397.65,772.9499999999999,397.65
203,1997_11,4,212.84,212.84,985.79,404.99
204,1997_12,4,212.85,425.69,1198.6399999999999,425.69
205,1998_1,1,235.89,235.89,235.89,448.74
206,1998_2,1,233.53,469.41999999999996,469.41999999999996,469.41999999999996
207,1998_3,1,201.63,201.63,671.05,435.15999999999997
208,1998_4,2,181.55,383.18,852.5999999999999,383.18
209,1998_5,2,152.16,152.16,1004.7599999999999,333.71000000000004
210,1998_6,2,137.13,289.28999999999996,1141.8899999999999,289.28999999999996
211,1998_7,3,122.94,122.94,122.94,260.07
212,1998_8,3,132.33,255.27,255.27,255.27
213,1998_9,3,117.13,117.13,372.4,249.46
214,1998_10,4,113.77,230.89999999999998,486.16999999999996,230.89999999999998
215,1998_11,4,123.76,123.76,609.93,237.53
216,1998_12,4,135.04,258.8,744.9699999999999,258.8
217,1999_1,1,170.76,170.76,170.76,305.79999999999995
218,1999_2,1,183.8,354.56,354.56,354.56
219,1999_3,1,187.76,187.76,542.3199999999999,371.56
220,1999_4,2,164.8,352.56,707.1199999999999,352.56
221,1999_5,2,181.57,181.57,888.6899999999998,346.37
222,1999_6,2,176.69,358.26,1065.3799999999999,358.26
223,1999_7,3,157.98,157.98,157.98,334.66999999999996
224,1999_8,3,156.92,314.9,314.9,314.9
225,1999_9,3,143.04,143.04,457.93999999999994,299.96
226,1999_10,4,186.47,329.51,644.41,329.51
227,1999_11,4,207.35,207.35,851.76,393.82
228,1999_12,4,245.61,452.96000000000004,1097.37,452.96000000000004
229,2000_1,1,215.77,215.77,215.77,461.38
230,2000_2,1,192.51,408.28,408.28,408.28
231,2000_3,1,183.41,183.41,591.6899999999999,375.91999999999996
232,2000_4,2,174.49,357.9,766.18,357.9
233,2000_5,2,169.07,169.07,935.25,343.56
234,2000_6,2,150.13,319.2,1085.38,319.2
235,2000_7,3,163.08,163.08,163.08,313.21000000000004
236,2000_8,3,151.3,314.38,314.38,314.38
237,2000_9,3,146.36,146.36,460.74,297.66
238,2000_10,4,129.36,275.72,590.1,275.72
239,2000_11,4,123.51,123.51,713.61,252.87
240,2000_12,4,120.71,244.22,834.32,244.22
241,2001_1,1,121.03,121.03,121.03,241.74
242,2001_2,1,118.46,239.49,239.49,239.49
243,2001_3,1,120.61,120.61,360.1,239.07
244,2001_4,2,110.68,231.29000000000002,470.78000000000003,231.29000000000002
245,2001_5,2,125.68,125.68,596.46,236.36
246,2001_6,2,116.6,242.28,713.0600000000001,242.28
247,2001_7,3,110.97,110.97,110.97,227.57
248,2001_8,3,112.3,223.26999999999998,223.26999999999998,223.26999999999998
249,2001_9,3,108.25,108.25,331.52,220.55
250,2001_10,4,95.88,204.13,427.4,204.13
251,2001_11,4,90.68,90.68,518.0799999999999,186.56
252,2001_12,4,92.11,182.79000000000002,610.1899999999999,182.79000000000002
253,2002_1,1,102.83,102.83,102.83,194.94
254,2002_2,1,104.1,206.93,206.93,206.93
255,2002_3,1,111.57,111.57,318.5,215.67
256,2002_4,2,112.52,224.08999999999997,431.02,224.08999999999997
257,2002_5,2,97.61,97.61,528.63,210.13
258,2002_6,2,95.83,193.44,624.46,193.44
259,2002_7,3,104.71,104.71,104.71,200.54
260,2002_8,3,110.73,215.44,215.44,215.44
261,2002_9,3,120.56,120.56,336.0,231.29000000000002
262,2002_10,4,147.85,268.40999999999997,483.85,268.40999999999997
263,2002_11,4,167.93,167.93,651.78,315.78
264,2002_12,4,169.42,337.35,821.1999999999999,337.35
265,2003_1,1,182.17,182.17,182.17,351.59
266,2003_2,1,184.75,366.91999999999996,366.91999999999996,366.91999999999996
267,2003_3,1,166.38,166.38,533.3,351.13
268,2003_4,2,172.98,339.36,706.28,339.36
269,2003_5,2,167.07,167.07,873.3499999999999,340.04999999999995
270,2003_6,2,152.82,319.89,1026.1699999999998,319.89
271,2003_7,3,161.39,161.39,161.39,314.21
272,2003_8,3,169.79,331.17999999999995,331.17999999999995,331.17999999999995
273,2003_9,3,173.96,173.96,505.14,343.75
274,2003_10,4,163.06,337.02,668.2,337.02
275,2003_11,4,162.67,162.67,830.87,325.73
276,2003_12,4,173.21,335.88,1004.08,335.88
277,2004_1,1,188.04,188.04,188.04,361.25
278,2004_2,1,197.28,385.32,385.32,385.32
279,2004_3,1,199.09,199.09,584.41,396.37
280,2004_4,2,194.64,393.73,779.05,393.73
281,2004_5,2,215.06,215.06,994.1099999999999,409.7
282,2004_6,2,229.31,444.37,1223.4199999999998,444.37
283,2004_7,3,196.09,196.09,196.09,425.4
284,2004_8,3,184.15,380.24,380.24,380.24
285,2004_9,3,189.52,189.52,569.76,373.67
286,2004_10,4,187.96,377.48,757.72,377.48
287,2004_11,4,210.23,210.23,967.95,398.19
288,2004_12,4,230.88,441.11,1198.83,441.11
289,2005_1,1,261.47,261.47,261.47,492.35
290,2005_2,1,285.24,546.71,546.71,546.71
291,2005_3,1,307.56,307.56,854.27,592.8
292,2005_4,2,320.03,627.5899999999999,1174.3,627.5899999999999
293,2005_5,2,286.63,286.63,1460.9299999999998,606.66
294,2005_6,2,283.33,569.96,1744.2599999999998,569.96
295,2005_7,3,264.85,264.85,264.85,548.1800000000001
296,2005_8,3,268.8,533.6500000000001,533.6500000000001,533.6500000000001
297,2005_9,3,277.53,277.53,811.1800000000001,546.3299999999999
298,2005_10,4,237.58,515.11,1048.76,515.11
299,2005_11,4,239.78,239.78,1288.54,477.36
300,2005_12,4,256.64,496.41999999999996,1545.1799999999998,496.41999999999996
301,2006_1,1,274.02,274.02,274.02,530.66
302,2006_2,1,251.55,525.5699999999999,525.5699999999999,525.5699999999999
303,2006_3,1,244.16,244.16,769.7299999999999,495.71000000000004
304,2006_4,2,242.61,486.77,1012.3399999999999,486.77
305,2006_5,2,223.77,223.77,1236.11,466.38
306,2006_6,2,214.53,438.3,1450.6399999999999,438.3
307,2006_7,3,220.57,220.57,220.57,435.1
308,2006_8,3,240.37,460.94,460.94,460.94
309,2006_9,3,243.88,243.88,704.8199999999999,484.25
310,2006_10,4,238.28,482.15999999999997,943.0999999999999,482.15999999999997
311,2006_11,4,250.66,250.66,1193.76,488.94
312,2006_12,4,278.2,528.86,1471.96,528.86
313,2007_1,1,268.28,268.28,268.28,546.48
314,2007_2,1,258.5,526.78,526.78,526.78
315,2007_3,1,245.11,245.11,771.89,503.61
316,2007_4,2,232.76,477.87,1004.65,477.87
317,2007_5,2,227.94,227.94,1232.59,460.7
318,2007_6,2,235.81,463.75,1468.3999999999999,463.75
319,2007_7,3,243.38,243.38,243.38,479.19
320,2007_8,3,255.14,498.52,498.52,498.52
321,2007_9,3,253.06,253.06,751.5799999999999,508.2
322,2007_10,4,257.43,510.49,1009.01,510.49
323,2007_11,4,245.71,245.71,1254.72,503.14
324,2007_12,4,255.43,501.14,1510.15,501.14
325,2008_1,1,255.94,255.94,255.94,511.37
326,2008_2,1,274.19,530.13,530.13,530.13
327,2008_3,1,260.42,260.42,790.55,534.61
328,2008_4,2,244.31,504.73,1034.86,504.73
329,2008_5,2,244.54,244.54,1279.3999999999999,488.85
330,2008_6,2,251.89,496.42999999999995,1531.29,496.42999999999995
331,2008_7,3,261.99,261.99,261.99,513.88
332,2008_8,3,267.53,529.52,529.52,529.52
333,2008_9,3,270.08,270.08,799.5999999999999,537.6099999999999
334,2008_10,4,252.0,522.0799999999999,1051.6,522.0799999999999
335,2008_11,4,245.12,245.12,1296.7199999999998,497.12
336,2008_12,4,250.12,495.24,1546.8399999999997,495.24
337,2009_1,1,257.2,257.2,257.2,507.32
338,2009_2,1,262.78,519.98,519.98,519.98
339,2009_3,1,257.98,257.98,777.96,520.76
340,2009_4,2,261.94,519.9200000000001,1039.9,519.9200000000001
341,2009_5,2,261.5,261.5,1301.4,523.44
342,2009_6,2,256.05,517.55,1557.45,517.55
343,2009_7,3,256.19,256.19,256.19,512.24
344,2009_8,3,268.99,525.1800000000001,525.1800000000001,525.1800000000001
345,2009_9,3,254.8,254.8,779.98,523.79
346,2009_10,4,245.34,500.14,1025.32,500.14
347,2009_11,4,271.77,271.77,1297.09,517.11
348,2009_12,4,273.78,545.55,1570.87,545.55
349,2010_1,1,282.41,282.41,282.41,556.19
350,2010_2,1,274.39,556.8,556.8,556.8
351,2010_3,1,267.6,267.6,824.4,541.99
352,2010_4,2,258.5,526.1,1082.9,526.1
353,2010_5,2,262.84,262.84,1345.74,521.3399999999999
354,2010_6,2,286.17,549.01,1631.91,549.01
355,2010_7,3,294.53,294.53,294.53,580.7
356,2010_8,3,294.06,588.5899999999999,588.5899999999999,588.5899999999999
357,2010_9,3,291.67,291.67,880.26,585.73
358,2010_10,4,295.58,587.25,1175.84,587.25
359,2010_11,4,315.92,315.92,1491.76,611.5
360,2010_12,4,345.01,660.9300000000001,1836.77,660.9300000000001
361,2011_1,1,405.52,405.52,405.52,750.53
362,2011_2,1,473.95,879.47,879.47,879.47
363,2011_3,1,493.91,493.91,1373.38,967.86
364,2011_4,2,506.52,1000.4300000000001,1879.9,1000.4300000000001
365,2011_5,2,500.25,500.25,2380.15,1006.77
366,2011_6,2,484.58,984.8299999999999,2864.73,984.8299999999999
367,2011_7,3,445.01,445.01,445.01,929.5899999999999
368,2011_8,3,442.18,887.19,887.19,887.19
369,2011_9,3,458.07,458.07,1345.26,900.25
370,2011_10,4,459.42,917.49,1804.68,917.49
371,2011_11,4,478.76,478.76,2283.44,938.1800000000001
372,2011_12,4,476.54,955.3,2759.98,955.3
373,2012_1,1,473.8,473.8,473.8,950.34
374,2012_2,1,444.78,918.5799999999999,918.5799999999999,918.5799999999999
375,2012_3,1,402.54,402.54,1321.12,847.3199999999999
376,2012_4,2,374.13,776.6700000000001,1695.25,776.6700000000001
377,2012_5,2,385.05,385.05,2080.3,759.1800000000001
378,2012_6,2,366.47,751.52,2446.7700000000004,751.52
379,2012_7,3,420.85,420.85,420.85,787.32
380,2012_8,3,403.73,824.58,824.58,824.58
381,2012_9,3,394.25,394.25,1218.83,797.98
382,2012_10,4,378.21,772.46,1597.04,772.46
383,2012_11,4,347.7,347.7,1944.74,725.91
384,2012_12,4,334.27,681.97,2279.01,681.97
385,2013_1,1,331.71,331.71,331.71,665.98
386,2013_2,1,308.16,639.87,639.87,639.87
387,2013_3,1,301.2,301.2,941.0699999999999,609.36
388,2013_4,2,298.63,599.8299999999999,1239.6999999999998,599.8299999999999
389,2013_5,2,304.76,304.76,1544.4599999999998,603.39
390,2013_6,2,284.48,589.24,1828.9399999999998,589.24
391,2013_7,3,297.33,297.33,297.33,581.81
392,2013_8,3,291.48,588.81,588.81,588.81
393,2013_9,3,278.38,278.38,867.1899999999999,569.86
394,2013_10,4,248.45,526.8299999999999,1115.6399999999999,526.8299999999999
395,2013_11,4,234.43,234.43,1350.07,482.88
396,2013_12,4,252.69,487.12,1602.76,487.12
397,2014_1,1,275.47,275.47,275.47,528.1600000000001
398,2014_2,1,341.37,616.84,616.84,616.84
399,2014_3,1,432.91,432.91,1049.75,774.28
400,2014_4,2,430.91,863.82,1480.66,863.82
401,2014_5,2,403.69,403.69,1884.3500000000001,834.6
402,2014_6,2,384.6,788.29,2268.9500000000003,788.29
403,2014_7,3,377.02,377.02,377.02,761.62
404,2014_8,3,398.44,775.46,775.46,775.46
405,2014_9,3,395.12,395.12,1170.58,793.56
406,2014_10,4,456.66,851.78,1627.24,851.78
407,2014_11,4,466.14,466.14,2093.38,922.8
408,2014_12,4,467.3,933.44,2560.6800000000003,933.44
409,2015_1,1,469.08,469.08,469.08,936.38
410,2015_2,1,464.85,933.9300000000001,933.9300000000001,933.9300000000001
411,2015_3,1,472.13,472.13,1406.06,936.98
412,2015_4,2,456.69,928.8199999999999,1862.75,928.8199999999999
413,2015_5,2,441.52,441.52,2304.27,898.21
414,2015_6,2,470.26,911.78,2774.5299999999997,911.78
415,2015_7,3,440.97,440.97,440.97,911.23
416,2015_8,3,474.56,915.53,915.53,915.53
417,2015_9,3,466.21,466.21,1381.74,940.77
418,2015_10,4,472.95,939.16,1854.69,939.16
419,2015_11,4,443.5,443.5,2298.19,916.45
420,2015_12,4,474.02,917.52,2772.21,917.52
421,2016_1,1,491.71,491.71,491.71,965.73
422,2016_2,1,479.41,971.12,971.12,971.12
423,2016_3,1,500.51,500.51,1471.63,979.9200000000001
424,2016_4,2,479.0,979.51,1950.63,979.51
425,2016_5,2,478.52,478.52,2429.15,957.52
426,2016_6,2,494.52,973.04,2923.67,973.04
427,2016_7,3,510.03,510.03,510.03,1004.55
428,2016_8,3,503.8,1013.8299999999999,1013.8299999999999,1013.8299999999999
429,2016_9,3,505.52,505.52,1519.35,1009.3199999999999
430,2016_10,4,507.73,1013.25,2027.08,1013.25
431,2016_11,4,549.46,549.46,2576.54,1057.19
432,2016_12,4,504.75,1054.21,3081.29,1054.21
433,2017_1,1,514.21,514.21,514.21,1018.96
434,2017_2,1,505.3,1019.51,1019.51,1019.51
435,2017_3,1,488.99,488.99,1508.5,994.29
436,2017_4,2,479.25,968.24,1987.75,968.24
437,2017_5,2,471.89,471.89,2459.64,951.14
438,2017_6,2,473.76,945.65,2933.3999999999996,945.65
439,2017_7,3,508.55,508.55,508.55,982.31
440,2017_8,3,511.44,1019.99,1019.99,1019.99
441,2017_9,3,477.19,477.19,1497.18,988.63
442,2017_10,4,437.82,915.01,1935.0,915.01
443,2017_11,4,450.84,450.84,2385.84,888.66
444,2017_12,4,449.44,900.28,2835.28,900.28
445,2018_1,1,432.26,432.26,432.26,881.7
446,2018_2,1,430.47,862.73,862.73,862.73
447,2018_3,1,421.87,421.87,1284.6,852.34
448,2018_4,2,431.5,853.37,1716.1,853.37
449,2018_5,2,446.76,446.76,2162.8599999999997,878.26
450,2018_6,2,466.24,913.0,2629.0999999999995,913.0
451,2018_7,3,474.96,474.96,474.96,941.2
452,2018_8,3,459.73,934.69,934.69,934.69
453,2018_9,3,442.37,442.37,1377.06,902.1
454,2018_10,4,424.54,866.9100000000001,1801.6,866.9100000000001
455,2018_11,4,429.7,429.7,2231.2999999999997,854.24
456,2018_12,4,410.42,840.12,2641.72,840.12
457,2019_1,1,399.98,399.98,399.98,810.4000000000001
458,2019_2,1,398.08,798.06,798.06,798.06
459,2019_3,1,390.17,390.17,1188.23,788.25
460,2019_4,2,381.0,771.1700000000001,1569.23,771.1700000000001
461,2019_5,2,392.92,392.92,1962.15,773.9200000000001
462,2019_6,2,427.09,820.01,2389.2400000000002,820.01
463,2019_7,3,442.84,442.84,442.84,869.93
464,2019_8,3,417.23,860.0699999999999,860.0699999999999,860.0699999999999
465,2019_9,3,415.82,415.82,1275.8899999999999,833.05
466,2019_10,4,406.17,821.99,1682.06,821.99
467,2019_11,4,447.67,447.67,2129.73,853.84
468,2019_12,4,518.57,966.24,2648.3,966.24
469,2020_1,1,501.68,501.68,501.68,1020.25
470,2020_2,1,493.67,995.35,995.35,995.35
471,2020_3,1,555.23,555.23,1550.58,1048.9
472,2020_4,2,576.55,1131.78,2127.13,1131.78
473,2020_5,2,566.69,566.69,2693.82,1143.24
474,2020_6,2,518.24,1084.93,3212.0600000000004,1084.93
475,2020_7,3,531.82,531.82,531.82,1050.06
476,2020_8,3,555.65,1087.47,1087.47,1087.47
477,2020_9,3,545.8,545.8,1633.27,1101.4499999999998
478,2020_10,4,521.32,1067.12,2154.59,1067.12
479,2020_11,4,551.45,551.45,2706.04,1072.77
480,2020_12,4,586.98,1138.43,3293.02,1138.43
481,2021_1,1,639.23,639.23,639.23,1226.21
482,2021_2,1,695.33,1334.56,1334.56,1334.56
483,2021_3,1,726.88,726.88,2061.44,1422.21
484,2021_4,2,744.05,1470.9299999999998,2805.49,1470.9299999999998
485,2021_5,2,811.06,811.06,3616.5499999999997,1555.11
486,2021_6,2,793.67,1604.73,4410.219999999999,1604.73
487,2021_7,3,762.36,762.36,762.36,1556.03
488,2021_8,3,772.03,1534.3899999999999,1534.3899999999999,1534.3899999999999
489,2021_9,3,851.11,851.11,2385.5,1623.1399999999999
490,2021_10,4,1113.29,1964.4,3498.79,1964.4
491,2021_11,4,1285.94,1285.94,4784.73,2399.23
492,2021_12,4,1446.66,2732.6000000000004,6231.389999999999,2732.6000000000004
493,2022_1,1,1480.49,1480.49,1480.49,2927.15
494,2022_2,1,1488.11,2968.6,2968.6,2968.6
495,2022_3,1,1258.22,1258.22,4226.82,2746.33
496,2022_4,2,1253.25,2511.4700000000003,5480.07,2511.4700000000003
497,2022_5,2,1259.21,1259.21,6739.28,2512.46
498,2022_6,2,1256.28,2515.49,7995.5599999999995,2515.49
499,2022_7,3,1119.45,1119.45,1119.45,2375.73
500,2022_8,3,1075.91,2195.36,2195.36,2195.36
501,2022_9,3,1098.56,1098.56,3293.92,2174.4700000000003
502,2022_10,4,1032.75,2131.31,4326.67,2131.31
503,2022_11,4,915.26,915.26,5241.93,1948.01
504,2022_12,4,994.22,1909.48,6236.150000000001,1909.48
505,2023_1,1,1030.14,1030.14,1030.14,2024.3600000000001
506,2023_2,1,1130.26,2160.4,2160.4,2160.4
507,2023_3,1,1103.37,1103.37,3263.77,2233.63
508,2023_4,2,1115.24,2218.6099999999997,4379.01,2218.6099999999997
509,2023_5,2,1030.64,1030.64,5409.650000000001,2145.88
510,2023_6,2,0.0,1030.64,5409.650000000001,1030.64
511,2023_7,3,0.0,0.0,0.0,0.0
512,2023_8,3,0.0,0.0,0.0,0.0
513,2023_9,3,0.0,0.0,0.0,0.0
514,2023_10,4,0.0,0.0,0.0,0.0
515,2023_11,4,0.0,0.0,0.0,0.0
516,2023_12,4,0.0,0.0,0.0,0.0
